{
  "logistic_regression": {
    "accuracy": 0.9999067211641198,
    "avg_precision": 0.9999999716777204,
    "classification_report": {
      "0": {
        "f1-score": 0.9999271421853371,
        "precision": 0.9998807836488152,
        "recall": 0.9999735050207985,
        "support": 75486.0
      },
      "1": {
        "f1-score": 0.9998703945895633,
        "precision": 0.9999528668724813,
        "recall": 0.9997879359095193,
        "support": 42440.0
      },
      "accuracy": 0.9999067211641198,
      "macro avg": {
        "f1-score": 0.9998987683874502,
        "precision": 0.9999168252606483,
        "recall": 0.999880720465159,
        "support": 117926.0
      },
      "weighted avg": {
        "f1-score": 0.9999067194798722,
        "precision": 0.9999067254429267,
        "recall": 0.9999067211641198,
        "support": 117926.0
      }
    },
    "f1": 0.9998703945895633,
    "precision": 0.9999528668724813,
    "recall": 0.9997879359095193,
    "roc_auc": 0.9999999840805379
  },
  "random_forest": {
    "accuracy": 1.0,
    "avg_precision": 1.0,
    "classification_report": {
      "0": {
        "f1-score": 1.0,
        "precision": 1.0,
        "recall": 1.0,
        "support": 75486.0
      },
      "1": {
        "f1-score": 1.0,
        "precision": 1.0,
        "recall": 1.0,
        "support": 42440.0
      },
      "accuracy": 1.0,
      "macro avg": {
        "f1-score": 1.0,
        "precision": 1.0,
        "recall": 1.0,
        "support": 117926.0
      },
      "weighted avg": {
        "f1-score": 1.0,
        "precision": 1.0,
        "recall": 1.0,
        "support": 117926.0
      }
    },
    "f1": 1.0,
    "precision": 1.0,
    "recall": 1.0,
    "roc_auc": 1.0
  },
  "xgboost": {
    "accuracy": 0.9999660804233164,
    "avg_precision": 0.9999999961136543,
    "classification_report": {
      "0": {
        "f1-score": 0.9999735053717859,
        "precision": 0.9999602585841458,
        "recall": 0.9999867525103993,
        "support": 75486.0
      },
      "1": {
        "f1-score": 0.9999528735361343,
        "precision": 0.9999764362128282,
        "recall": 0.9999293119698398,
        "support": 42440.0
      },
      "accuracy": 0.9999660804233164,
      "macro avg": {
        "f1-score": 0.99996318945396,
        "precision": 0.9999683473984871,
        "recall": 0.9999580322401196,
        "support": 117926.0
      },
      "weighted avg": {
        "f1-score": 0.9999660802483605,
        "precision": 0.9999660806976856,
        "recall": 0.9999660804233164,
        "support": 117926.0
      }
    },
    "f1": 0.9999528735361343,
    "precision": 0.9999764362128282,
    "recall": 0.9999293119698398,
    "roc_auc": 0.9999999978149757
  }
}